lon,lat
-157.5311,21.1098
-150.00028,64.00028
-135.34,57.025
-125.0032,53.99983
-124.145952,40.796531
-124.08284,40.86652
-123.89259,43.00595
-123.81572,46.97537
-123.795996,46.142206
-123.740874,45.461952
-123.721135,46.970646
-123.338332,42.535654
-123.275969,44.639931
-123.2748,44.5643
-123.159683,47.263255
-123.086754,44.052069
-123.003655,44.94878
-122.989975,38.463088
-122.977963,45.458397
-122.900832,42.265974
-122.87655,43.94155
-122.874613,45.371478
-122.87232,45.49192
-122.869654,38.407222
-122.869079,46.984767
-122.8398,42.3363
-122.822588,38.265366
-122.80371,45.487062
-122.796695,47.026418
-122.783159,38.450412
-122.76375,47.27482
-122.727802,37.784827
-122.726619,44.807707
-122.720499,45.678996
-122.719769,45.523289
-122.712678,47.690048
-122.69738,47.77315
-122.690794,45.507856
-122.67621,45.52345
-122.661486,45.638728
-122.648346,38.315342
-122.639261,45.446231
-122.634712,47.606478
-122.62637,38.95823
-122.614094,47.751046
-122.61168,45.398717
-122.58887,37.98715
-122.58013,47.32926
-122.5697,38.10742
-122.565028,45.078408
-122.546653,38.414811
-122.537939,45.201439
-122.537356,42.148098
-122.536337,37.947874
-122.534237,37.936624
-122.531645,45.803592
-122.52719,38.134068
-122.51846,47.17176
-122.504286,37.970948
-122.480015,37.616774
-122.46262,47.506837
-122.444335,47.253671
-122.44429,47.25288
-122.43458,47.83315
-122.430233,45.508117
-122.423483,37.657443
-122.41942,37.77493
-122.41914,37.75993
-122.41648,47.058452
-122.408162,37.805344
-122.391675,40.58654
-122.38652,47.57093
-122.384975,47.589298
-122.374129,40.687573
-122.372401,47.806068
-122.37071,48.24121
-122.35873,47.09621
-122.3547,47.5344
-122.334825,37.381144
-122.332071,47.60621
-122.33207,47.60621
-122.32253,37.573485
-122.319279,41.137476
-122.317148,47.212822
-122.315773,47.307713
-122.315131,47.82093
-122.31057,41.30987
-122.29673,37.860576
-122.295797,37.787366
-122.29548,37.833876
-122.29339,37.516644
-122.285072,38.304275
-122.276482,47.364739
-122.272556,37.496461
-122.264779,37.770563
-122.262101,38.008343
-122.240066,47.263158
-122.23832,38.442011
-122.223779,37.786027
-122.214376,47.750689
-122.20874,47.68149
-122.208735,47.681488
-122.207221,47.615471
-122.201521,47.446982
-122.20068,47.61038
-122.199795,47.988661
-122.186373,37.439616
-122.18219,37.45383
-122.17024,37.42716
-122.1675,37.42509
-122.161951,48.049576
-122.158621,37.715629
-122.149915,37.444122
-122.144416,37.357472
-122.14302,37.44188
-122.135862,38.244889
-122.134295,47.851188
-122.121034,47.678756
-122.120089,37.901223
-122.118676,47.006578
-122.111126,37.052748
-122.095525,37.096297
-122.0808,37.66882
-122.080796,37.668821
-122.080628,37.30661
-122.070625,37.873343
-122.066373,37.731229
-122.056379,48.046751
-122.045164,37.257287
-122.04,37.37
-122.03107,37.97798
-122.022872,37.953672
-122.01774,37.388556
-122.014722,47.954558
-122.010699,47.497419
-121.982721,37.565285
-121.949418,37.05297
-121.936365,36.5831
-121.931623,37.323275
-121.922515,36.549729
-121.921498,37.680181
-121.918551,37.768575
-121.901997,36.591507
-121.85162,36.61107
-121.840727,36.57485
-121.840083,39.746159
-121.816873,42.293293
-121.806577,36.680918
-121.803388,47.432251
-121.798469,38.55413
-121.76066,36.797555
-121.74696,36.98025
-121.705327,37.189396
-121.673805,40.51307
-121.62741,47.72622
-121.622546,37.826372
-121.622188,36.64152
-121.612481,39.048854
-121.583391,37.526661
-121.555406,38.380456
-121.52146,45.7054
-121.4944,38.58157
-121.473276,37.745832
-121.433384,37.737191
-121.3924,36.828078
-121.374062,47.431918
-121.332191,38.62136
-121.313883,38.289817
-121.307142,38.44148
-121.29078,37.9577
-121.280328,38.604269
-121.26736,38.689802
-121.25603,38.74073
-121.23578,38.79073
-121.227125,44.082037
-121.19075,35.64386
-121.081645,35.549725
-121.07047,39.014933
-121.033598,37.817826
-121.016796,37.669463
-120.99688,37.6391
-120.908608,35.473343
-120.887965,39.299606
-120.84659,37.49466
-120.8386,40.00468
-120.830282,38.854672
-120.806926,47.156558
-120.698578,37.839643
-120.69561,35.748774
-120.693916,45.193626
-120.62122,35.265573
-120.53965,38.06826
-120.53007,46.65402
-120.50147,47.50012
-120.50139,44.00013
-120.48998,47.028084
-120.47763,34.633798
-120.42415,37.345785
-120.406039,46.722625
-120.351884,47.573816
-120.343863,37.96091
-120.336594,34.629464
-120.26018,37.123
-120.05988,36.72356
-120.039632,38.927507
-119.860972,34.413329
-119.848555,34.262834
-119.8138,39.52963
-119.813051,39.525749
-119.77237,36.74773
-119.75126,37.25022
-119.742144,38.886708
-119.734947,36.862603
-119.73074,39.154485
-119.707135,34.421897
-119.69819,34.42083
-119.67847,36.63051
-119.65264,37.01273
-119.65238,37.37586
-119.539732,35.176266
-119.48568,49.88307
-119.428151,34.353408
-119.375646,36.303793
-119.358352,34.330829
-119.310134,34.5302
-119.30237,50.6998
-119.299856,36.133527
-119.298979,47.180684
-119.29317,34.27834
-119.2849,45.845
-119.22927,35.67801
-119.20248,34.170846
-119.19617,46.2454
-119.17705,34.1975
-119.13723,46.21125
-119.1343,34.032383
-119.12603,34.35753
-119.020562,35.384337
-119.019545,35.41968
-118.899447,46.42066
-118.837594,34.170561
-118.81009,34.00501
-118.7886,45.67208
-118.7299,35.34285
-118.707992,34.039034
-118.68124,37.56132
-118.671028,34.12331
-118.638652,34.167657
-118.609992,37.414747
-118.6012,34.25723
-118.590362,34.101118
-118.55029,34.238208
-118.52647,34.04806
-118.501748,34.440891
-118.50119,34.15917
-118.491191,34.019454
-118.49119,34.01945
-118.471989,34.14839
-118.471538,33.987396
-118.465193,33.993396
-118.463365,34.147149
-118.457852,33.979007
-118.44925,34.30778
-118.44925,34.15112
-118.44897,34.18667
-118.44814,34.0464
-118.444689,34.222506
-118.41647,33.91918
-118.394059,33.998214
-118.392751,34.139082
-118.390074,33.800571
-118.38841,33.84918
-118.381697,34.093828
-118.37897,34.17223
-118.37036,34.2175
-118.36174,34.09001
-118.358654,33.956526
-118.339146,35.328967
-118.33879,33.794471
-118.326743,34.098343
-118.32674,34.09834
-118.303805,33.835665
-118.298662,33.786594
-118.296879,39.479393
-118.295256,33.888315
-118.29229,33.73585
-118.291407,46.1341
-118.2901,33.9551
-118.289463,34.17051
-118.261154,33.813317
-118.257416,34.643265
-118.253053,33.753088
-118.248405,33.973951
-118.24368,34.05223
-118.240208,33.874815
-118.22007,33.89585
-118.218829,34.106649
-118.213137,33.977987
-118.21035,33.84641
-118.20535,34.0339
-118.193403,33.937714
-118.172016,34.023902
-118.168135,33.803448
-118.165152,33.899015
-118.156615,34.108957
-118.15292,34.713292
-118.143465,34.052922
-118.137227,34.195275
-118.12965,33.888014
-118.127527,34.090728
-118.105833,34.096111
-118.088787,33.985812
-118.076549,33.906763
-118.062692,33.795012
-118.0441,34.004311
-118.03729,33.81696
-118.021353,35.125624
-118.012225,33.846302
-118.000482,34.1528
-117.999227,33.660297
-117.999042,35.124625
-117.981631,33.976114
-117.9609,34.08529
-117.95367,33.70918
-117.952151,33.844983
-117.951129,33.710582
-117.93895,34.06862
-117.937007,34.066964
-117.93647,34.031415
-117.92895,33.61891
-117.9265,33.868
-117.925338,33.870292
-117.91506,34.13529
-117.911715,33.678399
-117.90006,33.916681
-117.897962,34.08051
-117.885359,35.187133
-117.876447,33.857515
-117.867834,33.745573
-117.86534,34.13612
-117.855059,34.119363
-117.853112,33.787795
-117.852006,33.787874
-117.829038,33.595088
-117.826166,33.745851
-117.82311,33.66946
-117.813113,33.888626
-117.809315,48.676916
-117.80622,33.549779
-117.78311,33.542248
-117.777277,33.84446
-117.77395,34.41278
-117.75888,33.9938
-117.756106,34.042286
-117.750414,33.757245
-117.730364,33.576205
-117.71978,34.09668
-117.715535,33.595714
-117.70031,33.5956
-117.696366,33.485903
-117.693074,33.64079
-117.692883,35.590326
-117.683472,35.606509
-117.672,33.60002
-117.65089,34.06334
-117.650888,34.063344
-117.639209,33.953755
-117.63561,33.57086
-117.608674,33.501773
-117.606843,33.42362
-117.59311,34.1064
-117.56832,35.039169
-117.56418,33.96358
-117.469,52.28333
-117.42908,47.65966
-117.426047,47.65878
-117.387565,34.403315
-117.373184,33.99504
-117.372457,33.650799
-117.37032,34.1064
-117.320674,33.787292
-117.289765,34.108345
-117.289351,34.024368
-117.2742,32.84727
-117.256769,33.007075
-117.248203,33.19784
-117.24335,33.14168
-117.224878,33.88274
-117.218027,46.730331
-117.217818,33.142475
-117.20865,34.12834
-117.17962,46.73127
-117.170912,32.724103
-117.159696,34.011935
-117.15726,32.71533
-117.148783,33.801262
-117.14836,33.49364
-117.13731,33.80644
-117.117351,32.578991
-117.0992,32.67811
-117.086421,33.119207
-117.08642,33.11921
-117.0842,32.64005
-117.07357,33.71691
-117.07222,32.77535
-116.994511,32.843956
-116.971138,34.06226
-116.9689,51.31665
-116.963506,33.667301
-116.96253,32.79477
-116.9345,48.65242
-116.860852,46.3646
-116.857988,34.469034
-116.846046,33.016928
-116.77021,33.0282
-116.75119,39.25021
-116.70929,43.62513
-116.686007,47.922361
-116.654109,47.691736
-116.545292,33.830296
-116.421656,43.579067
-116.393662,43.6635
-116.36252,32.6445
-116.339766,33.76437
-116.272921,43.603768
-116.268415,34.175713
-116.259176,33.670978
-116.204844,33.710984
-116.181667,33.667462
-116.055617,33.752886
-116.0357,33.7287
-116.01755,36.24107
-115.99386,33.74368
-115.967051,34.839964
-115.8186,37.24041
-115.534429,40.905583
-115.49888,32.67895
-115.38026,32.81116
-115.24194,36.02525
-115.206969,36.301068
-115.14666,36.09719
-115.13722,36.17497
-115.1363889,36.175
-115.124148,36.211456
-115.080923,36.036566
-115.06871,49.49996
-114.960945,35.998373
-114.88291,47.46021
-114.82952,36.020563
-114.624397,32.725325
-114.525317,34.896683
-114.524876,42.400555
-114.5214,49.60422
-114.41613,39.8566
-114.374568,42.736869
-114.348519,34.48025
-114.33569,48.41358
-114.32245,34.4839
-114.28021,47.50017
-114.25118,44.5002
-114.18152,48.37246
-114.08529,51.05011
-114.072236,36.810062
-114.014338,46.856398
-114.00205,53.53343
-113.98372,46.8602
-113.86867,50.58341
-113.802,52.26682
-113.76866,50.35008
-113.703932,35.131719
-113.64258,60.10867
-113.58412,37.10415
-113.54653,51.01302
-113.46871,53.55014
-113.435709,46.272241
-113.42664,38.92968
-113.013922,37.186249
-112.93712,33.49365
-112.71861,52.31683
-112.598765,45.997895
-112.58378,33.37032
-112.47962,34.06614
-112.46609,42.92075
-112.426312,34.591349
-112.33322,33.63059
-112.326474,33.50403
-112.30294,33.59393
-112.29828,40.53078
-112.21037,46.527398
-112.177935,33.531753
-112.17434,36.06109
-112.16436,37.61832
-112.14682,33.86726
-112.11124,40.99061
-112.079415,41.096293
-112.07404,33.44838
-112.03414,43.46658
-112.021329,40.696891
-112.016264,33.087421
-112.007924,41.244261
-111.964564,40.622887
-111.957563,33.544833
-111.953891,40.554098
-111.93411,41.81659
-111.931298,33.401395
-111.92614,41.088889
-111.900719,40.756095
-111.89994,40.61106
-111.899033,33.50921
-111.89903,33.50921
-111.89105,40.76078
-111.889047,40.577106
-111.887991,40.666892
-111.878217,33.324113
-111.870994,40.874038
-111.867252,34.909886
-111.85077,40.39162
-111.836493,41.717722
-111.82264,33.422269
-111.803101,40.395796
-111.78969,43.82602
-111.731454,33.277771
-111.726341,33.242286
-111.72496,40.311353
-111.715855,41.266035
-111.695558,40.235053
-111.69465,40.2969
-111.67031,40.11995
-111.649086,40.069946
-111.639303,35.287661
-111.562586,40.180718
-111.54958,33.41505
-111.534813,33.136552
-111.50098,34.5003
-111.43691,33.37145
-111.374118,45.771228
-111.36829,45.28465
-111.2755,47.511219
-111.075695,31.508436
-111.02843,32.14119
-110.99262,33.3495
-110.970869,32.217975
-110.92648,32.22174
-110.91743,43.35826
-110.89973,27.91818
-110.898799,45.82641
-110.87382,44.4841
-110.85723,52.83904
-110.77649,32.97201
-110.696546,32.020271
-110.66834,50.05006
-110.31876,39.08803
-110.31274,24.1423
-110.28618,31.99953
-110.170235,31.571011
-109.75102,47.00025
-109.2029,41.58746
-108.761138,33.705415
-108.550649,39.063871
-108.387392,45.686966
-108.330764,32.853738
-108.141457,44.008105
-107.880367,37.318364
-107.818288,36.842198
-107.75281,32.13842
-107.59698,33.19285
-107.304314,39.601448
-107.266914,33.160602
-107.12619,37.202251
-107.037294,38.528323
-106.89283,43.53441
-106.843685,34.489728
-106.837563,44.780378
-106.783682,35.268498
-106.776744,39.169324
-106.74433,32.286169
-106.65114,35.08449
-106.651137,35.084491
-106.63452,52.11679
-106.60583,32.00399
-106.484592,31.763608
-106.308296,39.675999
-106.288482,35.849514
-106.28002,43.41136
-106.278264,43.405584
-106.190367,37.135059
-106.120582,38.629119
-106.00099,54.0001
-106.00085,34.50034
-105.987239,39.599431
-105.982146,35.697473
-105.948967,32.870046
-105.84162,41.195479
-105.801022,41.43902
-105.630189,41.308757
-105.51083,39.96138
-105.50083,39.00027
-105.245659,39.718539
-105.223945,39.522014
-105.201421,40.049468
-105.179966,40.364469
-105.151674,35.731987
-105.127416,40.594597
-105.115977,39.744773
-105.108182,39.776986
-105.104899,40.026334
-105.103179,40.164837
-105.08137,39.70471
-105.011797,39.545917
-105.011411,39.645995
-105.010182,39.597937
-105.002506,39.909994
-105.00112,50.78338
-104.997203,39.832208
-104.9847,39.73915
-104.96943,39.55388
-104.95712,39.855318
-104.936269,41.092356
-104.857828,38.861469
-104.852987,39.445502
-104.84545,37.94411
-104.842531,31.031618
-104.83192,39.72943
-104.82136,38.83388
-104.788862,38.737494
-104.75108,40.30387
-104.680631,40.384991
-104.6178,50.45008
-104.61768,52.86673
-104.60914,38.25445
-104.536493,38.293234
-104.52302,33.39427
-104.505121,39.208967
-104.271552,31.087212
-103.735731,44.36485
-103.66667,20.33333
-103.63853,44.4611
-103.57906,31.446678
-103.485112,32.703708
-103.39182,20.66682
-103.38479,20.72356
-103.206866,44.145868
-102.907999,34.330354
-102.86822,46.53918
-102.66766,51.94998
-102.58141,22.76843
-102.41075,34.23314
-102.367626,37.870309
-102.3592,31.833745
-102.354346,31.765163
-102.307243,34.23322
-102.17699,27.50553
-102.081464,31.992384
-102,23
-101.86497,54.76824
-101.85517,33.57786
-101.85463,34.74367
-101.853161,47.277895
-101.839602,35.20603
-101.831297,35.221997
-101.764693,38.856062
-101.753517,37.565902
-101.66766,50.13332
-101.457761,32.278703
-101.419006,48.084625
-101.00265,41.15861
-100.893202,29.410195
-100.700296,46.816035
-100.664407,38.000771
-100.533397,31.44451
-100.312766,28.781057
-100.25646,25.67678
-100.25069,44.50026
-100.00068,47.50027
-100,25.66667
-99.902421,37.690531
-99.89624,37.48641
-99.891726,39.827955
-99.781827,32.434599
-99.727018,29.240446
-99.642309,33.495136
-99.539522,32.258742
-99.52699,29.61523
-99.51639,27.47629
-99.5,19.33333
-99.494078,27.515879
-99.437791,35.419594
-99.334803,38.878202
-99.280343,34.663039
-99.25061,31.25044
-99.155469,29.988525
-99.13556,28.375283
-99.129054,40.75141
-99.12766,19.42847
-99.104014,29.724328
-98.932718,41.603603
-98.8936,30.313385
-98.75,24
-98.68975,29.57801
-98.667756,29.22053
-98.620996,37.291739
-98.612998,28.932742
-98.560774,28.960962
-98.556016,39.807699
-98.528889,29.468413
-98.51721,30.834604
-98.501808,29.534045
-98.50063,38.50029
-98.5,39.76
-98.49363,29.42412
-98.479881,33.905544
-98.47889,28.97471
-98.461277,33.886493
-98.455351,30.900465
-98.44228,35.15923
-98.437482,34.663978
-98.410405,45.476172
-98.399458,29.049969
-98.389035,40.582425
-98.368698,40.87227
-98.34557,26.6495
-98.31612,29.51801
-98.290973,34.557945
-98.276935,26.450369
-98.26973,29.55217
-98.18362,26.1948
-98.175887,29.162771
-98.166012,28.452822
-98.16376,26.315419
-98.15866,33.21845
-98.108828,32.321348
-98.10136,49.1919
-98.070726,29.696878
-98.06464,30.44034
-98.04159,45.7191
-98.031713,30.012441
-98.02966,32.154463
-98.02698,34.42036
-97.997166,29.972907
-97.989275,30.108361
-97.989155,26.158623
-97.98501,30.34798
-97.951829,29.578734
-97.940086,29.86431
-97.933279,34.547749
-97.92563,35.897508
-97.88569,37.954312
-97.857453,30.583474
-97.85579,55.7435
-97.843091,36.402681
-97.84068,27.422876
-97.83227,32.42993
-97.8242,30.503949
-97.81227,35.29089
-97.78305,26.48146
-97.78119,30.807586
-97.775614,31.134891
-97.771258,30.326374
-97.753948,35.653019
-97.74306,30.26715
-97.667502,26.255523
-97.6475,31.106
-97.647206,30.501747
-97.642113,38.823673
-97.637519,35.558349
-97.63226,35.51867
-97.603391,42.758387
-97.595227,44.010702
-97.592368,35.474679
-97.574706,30.668034
-97.562817,35.491608
-97.554189,30.551885
-97.550453,25.963264
-97.530113,35.466492
-97.526302,32.909715
-97.51643,35.46756
-97.507599,35.58672
-97.50328,35.49209
-97.4782,31.03767
-97.478095,35.652832
-97.456312,35.877129
-97.44451,35.208566
-97.435599,32.775409
-97.40798,20.95773
-97.4072,35.55152
-97.399067,27.797802
-97.39638,27.80058
-97.37689,42.94396
-97.376314,41.542962
-97.357099,31.085833
-97.346109,30.654363
-97.34278,31.09823
-97.33754,37.69224
-97.32388,27.87725
-97.32085,32.72541
-97.316375,32.745629
-97.313592,30.140905
-97.308819,34.759696
-97.3047,31.068306
-97.30361,30.841022
-97.291484,32.771419
-97.283914,32.928037
-97.264359,32.492683
-97.263393,32.801874
-97.258997,37.651974
-97.249071,35.51876
-97.226936,32.730188
-97.225295,32.840011
-97.225148,32.924009
-97.196279,32.421034
-97.18908,36.736868
-97.183625,32.997901
-97.18335,33.12123
-97.180586,32.8172
-97.179214,34.156627
-97.171023,40.175641
-97.168346,32.899849
-97.158295,33.654698
-97.14704,49.8844
-97.146038,33.220974
-97.14168,32.56319
-97.141144,47.866638
-97.1382,31.552011
-97.136289,32.852546
-97.13307,33.21484
-97.119331,33.026795
-97.112803,38.35418
-97.10889,31.594055
-97.10807,32.73569
-97.108066,32.735687
-97.10251,32.43347
-97.09167,31.80238
-97.091339,44.054223
-97.080802,32.932843
-97.075688,32.859305
-97.069061,36.101521
-97.057661,31.937903
-97.05443,28.02057
-97.04668,33.09179
-97.04504,49.9833
-97.009389,32.776671
-97.00049,55.00019
-96.994174,33.046233
-96.984711,28.804947
-96.978849,32.431364
-96.973318,42.854124
-96.96697,41.0014
-96.960092,35.295843
-96.948895,32.814018
-96.919704,29.845783
-96.908337,32.6518
-96.901605,33.077136
-96.88064,46.97941
-96.865969,37.830491
-96.856347,33.146336
-96.84833,32.38653
-96.834703,46.927094
-96.82917,32.96179
-96.823133,40.865142
-96.81111,32.7393
-96.80667,32.78306
-96.800279,32.850127
-96.790329,32.781179
-96.7898,46.87719
-96.783359,39.026465
-96.773814,32.845573
-96.759881,32.770313
-96.735563,46.842028
-96.726826,32.962811
-96.70033,43.54997
-96.698886,33.019843
-96.693082,40.313364
-96.685325,34.748961
-96.66696,40.8
-96.666863,40.122407
-96.627985,35.146252
-96.62315,32.777779
-96.609139,35.162228
-96.59916,32.7668
-96.587285,36.084444
-96.564589,39.209375
-96.546662,33.76672
-96.497182,33.181157
-96.45971,32.93123
-96.422834,28.443245
-96.362454,30.639285
-96.35207,29.590148
-96.325984,30.609093
-96.279795,40.926508
-96.265477,32.581306
-96.265153,43.989267
-96.240533,32.370699
-96.239744,41.098888
-96.238818,41.288631
-96.20808,41.3975
-96.186776,36.118535
-96.17558,43.07971
-96.173426,30.329541
-96.171104,41.291736
-96.163955,35.982642
-96.109124,30.971855
-96.10887,33.189011
-96.067573,36.728272
-96.04833,45.575
-96.04477,42.38972
-96.023829,41.447307
-95.99278,36.15398
-95.992775,36.153982
-95.983538,43.536342
-95.976965,33.289045
-95.951622,36.298452
-95.93779,41.25861
-95.907718,40.707742
-95.903956,41.132948
-95.88332,35.94204
-95.875086,41.23238
-95.85471,36.26954
-95.824396,29.785785
-95.821733,40.602802
-95.818064,35.986399
-95.794526,29.64609
-95.780662,38.988075
-95.74582,36.18899
-95.716704,41.745172
-95.681972,35.813548
-95.670572,46.220047
-95.669128,32.167932
-95.64241,29.630032
-95.63856,31.185738
-95.626306,34.215441
-95.61415,40.13056
-95.605194,33.655162
-95.604344,36.348616
-95.60107,33.13845
-95.585826,30.094886
-95.567968,29.62431
-95.551702,46.426453
-95.537722,29.618567
-95.532441,30.04772
-95.531381,31.73452
-95.48938,30.15799
-95.483738,31.303084
-95.468467,30.136378
-95.46836,30.136972
-95.44337,32.782264
-95.434241,29.83399
-95.426493,29.752083
-95.391057,37.885757
-95.377949,47.531644
-95.37754,45.88524
-95.36554,38.07086
-95.36327,29.76328
-95.3630556,29.7630556
-95.349564,40.726129
-95.309789,29.813142
-95.306215,32.944701
-95.302223,32.321937
-95.29087,41.667566
-95.2705,31.96378
-95.261044,30.033553
-95.241857,29.380858
-95.2292,29.43485
-95.208909,39.023294
-95.198082,35.94161
-95.197639,36.723649
-95.151811,42.693184
-95.13614,46.44246
-95.125903,38.879142
-95.11826,29.53773
-95.11694,44.5394
-95.108481,40.738247
-95.096511,33.61306
-95.05604,29.81884
-95.052262,29.496451
-95.05132,29.46079
-95.00565,29.36901
-95,60
-94.994123,29.733283
-94.98783,29.50782
-94.97855,32.2746
-94.977723,45.147104
-94.960765,41.381871
-94.94855,32.44543
-94.947234,39.133448
-94.94139,38.814998
-94.93993,31.48851
-94.91529,39.35684
-94.911331,35.911304
-94.897605,30.682947
-94.87444,47.48162
-94.860299,40.277742
-94.854482,36.842401
-94.84663,39.76861
-94.837827,39.953094
-94.808544,31.427404
-94.801272,47.571964
-94.79548,30.05799
-94.784375,41.229493
-94.78104,31.18713
-94.775768,29.310535
-94.730285,32.517846
-94.7291,31.33824
-94.720238,39.041672
-94.714793,37.821629
-94.714202,31.347118
-94.686315,30.577149
-94.669467,39.02315
-94.669376,33.516503
-94.641414,31.301706
-94.638358,38.8996
-94.630384,39.103053
-94.628596,31.723329
-94.598583,39.102404
-94.593783,39.057
-94.57857,39.09973
-94.532397,38.784041
-94.511052,36.037304
-94.50487,37.093638
-94.502663,37.113343
-94.476417,38.874015
-94.436314,39.298945
-94.42602,31.905616
-94.421658,38.93181
-94.416458,35.366188
-94.41548,44.050715
-94.409828,39.107798
-94.409362,32.779306
-94.394365,33.326234
-94.370275,38.964518
-94.35467,37.83921
-94.347137,41.049896
-94.34609,39.0085
-94.330619,45.519196
-94.321556,38.615239
-94.31833,45.56496
-94.28072,34.050929
-94.266332,44.875565
-94.265465,35.67603
-94.25055,46.25024
-94.240112,36.16722
-94.223419,36.347107
-94.19856,39.01501
-94.190997,35.974602
-94.166994,43.109313
-94.15019,33.14874
-94.106301,33.426791
-94.101846,30.086046
-94.09076,34.89843
-94.073533,45.654829
-94.050144,39.579927
-94.042219,41.351621
-93.978863,44.128325
-93.978383,36.320391
-93.977974,43.6503
-93.969848,32.546545
-93.964278,29.870904
-93.950401,32.84233
-93.78556,45.04028
-93.773671,31.329084
-93.750179,32.525152
-93.73605,38.76279
-93.735166,30.114376
-93.732559,41.714435
-93.73023,44.38941
-93.717232,41.567138
-93.713362,36.462434
-93.699378,32.573112
-93.65185,33.72263
-93.60911,41.60054
-93.60218,44.78941
-93.600254,42.037879
-93.598888,40.083658
-93.585206,34.550661
-93.582732,42.651566
-93.57798,37.79448
-93.572584,44.853364
-93.572173,41.672687
-93.53079,44.86219
-93.51944,44.79861
-93.50406,32.53265
-93.50049,42.00027
-93.481749,44.916963
-93.464428,44.682763
-93.455509,45.010519
-93.445399,45.127446
-93.440429,44.850563
-93.43723,44.952763
-93.435063,30.300185
-93.37937,43.13802
-93.379151,45.005499
-93.37169,30.290269
-93.367975,44.751113
-93.349949,44.889687
-93.343673,37.25807
-93.314839,45.160411
-93.29828,44.8408
-93.29824,37.21533
-93.291381,44.730944
-93.287728,45.119965
-93.277176,44.835969
-93.269097,44.984577
-93.26384,44.97997
-93.263282,45.086077
-93.254518,45.096587
-93.253812,45.050884
-93.24645,45.27324
-93.244357,39.161394
-93.236516,33.272771
-93.235798,36.660981
-93.23521,41.175
-93.234949,45.160799
-93.226891,44.961742
-93.223807,44.960029
-93.214903,30.233355
-93.2044,30.21309
-93.19071,30.302704
-93.156611,45.050244
-93.152093,44.874984
-93.121996,43.245525
-93.11713,37.26838
-93.109141,31.70988
-93.100947,44.894315
-93.09327,44.94441
-93.032313,44.865482
-93.012335,41.718107
-92.998867,42.036096
-92.996859,45.39376
-92.961868,42.143933
-92.95938,44.923855
-92.881614,40.686447
-92.852947,34.296204
-92.84736,45.061416
-92.84694,44.74306
-92.839331,34.36975
-92.807878,42.369118
-92.790593,44.017216
-92.75687,44.97469
-92.662675,41.283366
-92.639756,32.580553
-92.612251,46.86163
-92.575528,32.228472
-92.535618,45.283783
-92.526927,31.203393
-92.516916,44.075285
-92.506291,41.219972
-92.50046,38.25031
-92.48905,34.59593
-92.478035,38.320057
-92.44514,31.31129
-92.442985,31.433736
-92.43824,39.41837
-92.4113,41.02001
-92.386968,30.724974
-92.362875,35.065889
-92.339209,42.441117
-92.334603,43.689711
-92.289595,34.746481
-92.28959,34.74648
-92.274145,38.894165
-92.268189,43.7055
-92.23848,33.75733
-92.210471,37.767552
-92.172926,32.565664
-92.171843,38.57749
-92.165194,38.494029
-92.161281,43.198027
-92.159354,32.490777
-92.143069,39.198
-92.117578,46.574982
-92.104961,30.533657
-92.094583,32.502833
-92.065181,41.649999
-92.01653,34.97453
-92.001934,47.005566
-92.0004,31.00047
-91.991044,30.24171
-91.96237,41.026353
-91.88434,44.68913
-91.882912,36.74651
-91.87959,35.07064
-91.858919,31.636869
-91.814321,33.591547
-91.803702,43.329084
-91.797641,37.898204
-91.74623,29.77993
-91.702159,33.636519
-91.700889,44.029975
-91.657578,41.976612
-91.652338,35.768738
-91.635189,38.305202
-91.5578,33.981735
-91.53017,41.66113
-91.49905,41.634209
-91.473097,44.75653
-91.38625,42.9286
-91.385695,39.931138
-91.307025,31.527752
-91.267904,30.215233
-91.265374,29.697653
-91.240145,42.10352
-91.21899,29.69465
-91.207463,41.203527
-91.207356,33.608922
-91.185607,30.44924
-91.178378,46.531559
-91.15455,30.45075
-91.140529,43.806197
-91.129053,30.641035
-91.124098,30.828705
-91.113209,34.719318
-91.07094,30.36269
-91.053888,41.462426
-91.023546,38.523478
-90.907376,30.607221
-90.869481,30.204707
-90.805402,29.578671
-90.80185,35.227139
-90.798946,35.274844
-90.74679,36.93422
-90.738773,46.558577
-90.736746,29.574973
-90.705561,38.26891
-90.696724,30.507099
-90.6963,42.545412
-90.650024,38.637002
-90.62651,38.80033
-90.623071,35.835847
-90.559763,38.609102
-90.55621,41.841735
-90.551092,36.113222
-90.525958,38.177832
-90.493492,41.482387
-90.48123,38.78394
-90.473336,43.983826
-90.463316,38.858035
-90.461637,38.733408
-90.444427,41.201816
-90.44341,38.64068
-90.44148,30.4388
-90.43176,34.01483
-90.39595,38.22061
-90.3812,33.05346
-90.351314,38.805499
-90.28345,38.70422
-90.280351,32.243261
-90.258065,29.99171
-90.2383,38.65769
-90.22901,39.73394
-90.214465,34.314968
-90.205801,29.949674
-90.19789,38.62727
-90.19231,38.631501
-90.18481,32.29876
-90.176415,39.958003
-90.1729,41.61364
-90.16382,38.409442
-90.161865,38.322361
-90.15679,42.09447
-90.156595,30.45886
-90.15313,29.966037
-90.138906,32.553769
-90.13731,32.436064
-90.13203,32.27459
-90.117339,39.923937
-90.085657,38.861597
-90.07507,29.95465
-90.054615,38.923994
-90.054526,42.719125
-90.052796,30.374817
-90.04898,35.14953
-90.039451,30.36218
-90.03355,34.950609
-90.02648,30.03635
-90.02136,44.466554
-90.00679,29.84727
-90.002217,41.781381
-90.00041,44.50024
-89.994591,34.80684
-89.990415,35.169255
-89.98316,38.74838
-89.938693,32.300019
-89.937325,38.586994
-89.930956,30.068812
-89.905289,38.512111
-89.903372,35.902592
-89.875182,46.490844
-89.861744,44.204491
-89.833228,32.33857
-89.8237,36.902
-89.818139,44.392496
-89.792557,30.262109
-89.774005,43.633162
-89.77096,43.62748
-89.75036,32.75041
-89.745941,41.835669
-89.73369,31.87377
-89.73177,40.56643
-89.704051,44.963304
-89.699083,35.080992
-89.6712,38.73949
-89.653705,45.859618
-89.648801,39.800698
-89.638254,44.510664
-89.589847,40.693137
-89.574605,37.335289
-89.54871,39.95422
-89.53718,34.365411
-89.53454,40.59254
-89.51925,34.3665
-89.47955,41.83892
-89.423861,43.06956
-89.40731,40.70365
-89.396839,37.782223
-89.386562,45.704474
-89.365311,46.548352
-89.339146,35.456111
-89.31683,48.4001
-89.28071,31.245138
-89.25037,40.00032
-89.221162,45.892276
-89.209109,37.739004
-89.14928,44.46164
-89.116797,32.754387
-89.114317,31.711733
-89.113506,36.42886
-89.102426,30.382966
-89.101389,42.803797
-89.094,42.27113
-89.091798,43.057662
-89.07158,42.67122
-89.058905,40.489802
-89.040537,34.227246
-89.0403,42.738888
-89.02757,37.80311
-89.004716,42.341767
-88.992995,40.476771
-88.947118,40.152822
-88.946486,39.839477
-88.879117,33.42554
-88.868647,40.398907
-88.860686,42.447417
-88.823215,42.276381
-88.81395,35.61452
-88.782561,36.324103
-88.775002,34.221257
-88.75036,41.92947
-88.72559,41.93498
-88.714524,37.228995
-88.713292,37.031586
-88.68396,34.144146
-88.664156,44.745058
-88.663943,34.710928
-88.663489,32.381605
-88.651839,36.715599
-88.62174,41.64586
-88.609136,33.621135
-88.591575,34.87589
-88.56982,33.11011
-88.540115,30.365446
-88.510048,34.217885
-88.504719,33.393933
-88.5,19.66667
-88.447528,35.271057
-88.442334,39.879149
-88.41318,47.0977
-88.37283,39.48309
-88.370856,44.275702
-88.339,44.27221
-88.328876,37.976309
-88.324565,41.445043
-88.320768,42.203618
-88.30869,41.91419
-88.30535,41.88753
-88.28562,41.28781
-88.272544,30.779545
-88.264875,43.080185
-88.264824,41.700928
-88.25964,41.792569
-88.24338,40.11642
-88.2415,47.23048
-88.238396,42.034492
-88.234001,47.194369
-88.227408,41.582422
-88.211024,40.108966
-88.204676,43.022155
-88.201012,42.277522
-88.19631,43.443839
-88.1837,42.39669
-88.180211,41.509668
-88.177554,42.969924
-88.171551,41.805422
-88.16676,43.32389
-88.165268,42.146794
-88.152381,41.759029
-88.12174,42.09142
-88.121527,43.159363
-88.118401,30.869984
-88.112442,41.87272
-88.105906,43.062707
-88.103184,30.701142
-88.09341,42.35336
-88.087888,43.048211
-88.086284,42.074962
-88.08341,42.03336
-88.08173,41.52503
-88.07479,41.80114
-88.06596,45.82023
-88.054502,42.352423
-88.04305,30.69436
-88.026871,42.074226
-88.01983,44.51916
-88.016063,44.480778
-88.01305,41.93106
-88.012267,41.796279
-88.00729,41.97503
-87.998935,42.937765
-87.99736,42.00865
-87.981771,41.676397
-87.97896,41.96336
-87.97866,41.44503
-87.97643,41.875379
-87.96561,41.51198
-87.962973,42.231183
-87.960771,42.180411
-87.958409,43.011264
-87.946413,41.88353
-87.943938,37.686939
-87.939683,42.375121
-87.912281,41.81736
-87.90647,43.0389
-87.90333,30.52297
-87.895619,41.917253
-87.89198,42.886266
-87.890466,42.048278
-87.887585,43.089179
-87.882,41.85059
-87.868953,41.78443
-87.866831,42.948015
-87.866818,42.178175
-87.861306,30.480713
-87.86115,41.14198
-87.86064,42.91057
-87.859,42.1705
-87.85007,42.30919
-87.84866,41.49587
-87.84312,41.8792
-87.838815,42.120176
-87.83293,41.625307
-87.830375,42.622449
-87.827131,41.97428
-87.82119,42.58474
-87.821026,42.075201
-87.806117,41.946189
-87.798933,41.888545
-87.798478,40.749938
-87.77922,41.70142
-87.775459,35.345882
-87.75256,41.713437
-87.750611,30.269721
-87.747738,42.018116
-87.740488,39.638496
-87.735217,43.71011
-87.729928,42.035259
-87.7131,41.50392
-87.702155,42.049148
-87.68533,41.59226
-87.68477,41.54281
-87.68005,41.65726
-87.679576,45.957178
-87.675979,42.727153
-87.672943,40.442138
-87.6656,41.55726
-87.650052,41.850033
-87.65005,41.85003
-87.647512,40.097394
-87.63863,40.04226
-87.636466,40.136234
-87.62171,41.72087
-87.60727,41.63892
-87.59977,41.78976
-87.599052,37.807173
-87.592719,44.438185
-87.574963,37.997128
-87.569174,33.209841
-87.562802,34.768526
-87.55585,37.97476
-87.54149,33.20944
-87.53609,35.388166
-87.532576,37.299458
-87.502585,41.550535
-87.475563,37.32685
-87.473903,35.737569
-87.470001,31.119972
-87.467016,35.78188
-87.460462,36.663786
-87.458858,36.657253
-87.45141,39.6217
-87.410094,39.433602
-87.40863,39.46865
-87.38779,36.077
-87.373123,36.549422
-87.364887,36.538846
-87.35945,36.52977
-87.337041,36.383448
-87.334932,36.522633
-87.319937,41.590686
-87.316923,33.796234
-87.278993,36.232191
-87.25833,33.4165
-87.257303,37.751818
-87.25504,41.53226
-87.24974,39.83337
-87.222516,30.428781
-87.205314,30.838366
-87.200805,30.83852
-87.18585,39.06671
-87.13856,30.363208
-87.12333,37.29393
-87.103488,34.764976
-87.09425,37.88332
-87.07987,20.6274
-87.07277,37.84033
-87.065565,41.454731
-87.03472,13.28889
-87.01945,38.92505
-87.011052,34.608016
-87.00404,35.623997
-86.996045,33.439999
-86.98306,35.47952
-86.965691,35.890746
-86.951784,33.402429
-86.929481,38.360357
-86.929208,33.544622
-86.928132,40.467303
-86.92251,40.42809
-86.907565,35.874553
-86.893538,40.042425
-86.889633,40.417778
-86.888624,36.51351
-86.883586,33.136658
-86.8798,38.36428
-86.863571,30.401588
-86.857172,39.699485
-86.853185,34.111067
-86.84656,21.17429
-86.80249,33.520661
-86.801904,33.456412
-86.792003,35.504165
-86.78444,36.16589
-86.778098,36.165688
-86.75972,36.17256
-86.756423,39.313258
-86.75026,32.75041
-86.725315,33.138832
-86.711089,36.327736
-86.685898,37.20017
-86.64777,36.25978
-86.63632,38.64303
-86.612045,36.347551
-86.591616,30.763783
-86.57222,34.85148
-86.5719444,34.9322222
-86.556439,34.718428
-86.55021,34.76309
-86.544561,41.942151
-86.530319,39.766794
-86.515887,36.547545
-86.451752,37.017407
-86.449479,36.401201
-86.446384,39.51727
-86.444751,42.985596
-86.435094,39.07881
-86.429249,41.841369
-86.39777,39.84338
-86.39027,35.84562
-86.37416,39.61282
-86.372158,35.762951
-86.36916,39.53921
-86.364699,37.329217
-86.36192,32.47986
-86.33321,48.6168
-86.325809,37.213709
-86.324894,37.460336
-86.3097,34.35009
-86.305594,36.572762
-86.301486,41.352997
-86.298135,39.997457
-86.291678,35.936886
-86.279945,30.889628
-86.263946,43.168904
-86.2604,39.8647
-86.257817,32.356988
-86.254186,43.237691
-86.251654,41.673383
-86.25027,40.00032
-86.250268,39.523937
-86.247253,42.457251
-86.23858,33.15845
-86.177255,44.613058
-86.176715,42.96502
-86.175319,39.62181
-86.174761,39.962604
-86.171054,40.506851
-86.16777,39.52088
-86.15862,41.66199
-86.15804,39.76838
-86.14782,41.615082
-86.145211,38.1863
-86.13216,39.775092
-86.11386,33.43344
-86.102966,35.146602
-86.09791,40.039228
-86.068718,39.469172
-86.063107,40.311418
-86.05238,40.092759
-86.044891,32.498863
-86.032496,37.755939
-86.003013,31.764156
-86.00247,33.78343
-85.947942,39.95987
-85.941203,36.942763
-85.937024,41.71873
-85.934285,34.049367
-85.92276,39.9081
-85.89997,33.55566
-85.891338,39.191447
-85.890614,39.991255
-85.878391,37.684807
-85.87593,39.617344
-85.860379,43.712217
-85.860179,41.2228
-85.837911,38.293355
-85.834626,33.58308
-85.813624,30.200682
-85.81088,43.33613
-85.80549,30.17659
-85.774327,38.5504
-85.76135,33.81371
-85.75941,38.25424
-85.728578,34.427033
-85.72793,42.81212
-85.7061,41.67533
-85.704609,37.959505
-85.676819,38.188962
-85.676342,44.693963
-85.675265,34.153424
-85.66809,42.96336
-85.633538,42.479577
-85.629225,40.599427
-85.629101,42.984226
-85.61195,42.28365
-85.597862,40.820278
-85.597466,38.549871
-85.589691,35.097012
-85.58723,42.29171
-85.577618,30.634834
-85.54274,38.46229
-85.542327,36.217846
-85.533285,36.226045
-85.52636,39.7956
-85.524437,42.81868
-85.515605,46.460159
-85.51508,45.595
-85.501067,37.860338
-85.50033,44.25029
-85.493,42.273752
-85.491781,39.299802
-85.48495,32.60208
-85.48366,43.69808
-85.468222,32.547542
-85.466944,37.822585
-85.452711,31.122956
-85.439246,35.943857
-85.432657,40.309361
-85.42801,33.32706
-85.41806,42.28865
-85.417149,38.764298
-85.389874,40.142124
-85.384134,42.969378
-85.375585,30.641158
-85.35553,41.03477
-85.354651,30.731305
-85.282122,36.154716
-85.261585,33.770057
-85.234938,36.117716
-85.23273,35.14063
-85.219375,41.056611
-85.206426,35.017818
-85.2023,40.71327
-85.17939,32.81874
-85.172928,33.767997
-85.171591,34.241733
-85.166345,36.560899
-85.13801,35.11368
-85.13044,42.303041
-85.12886,41.130604
-85.118699,34.888709
-85.073906,33.024347
-85.060369,35.120227
-85.051431,35.962348
-85.04987,33.604458
-85.024915,30.227698
-85.00077,32.47098
-84.989796,34.801861
-84.97823,32.472864
-84.975668,33.705546
-84.97022,34.7698
-84.962038,41.102098
-84.935655,36.384844
-84.934331,40.671628
-84.933346,33.627786
-84.913255,45.355915
-84.89801,39.06089
-84.89356,39.04756
-84.889699,39.832079
-84.887942,34.496921
-84.87762,38.20042
-84.874031,35.149223
-84.869708,38.228115
-84.851983,34.167895
-84.847108,34.200787
-84.819397,33.369595
-84.767911,43.937677
-84.76241,44.31242
-84.759577,39.259888
-84.74638,42.75337
-84.707349,34.034515
-84.665597,38.88142
-84.66502,44.36891
-84.653857,33.701136
-84.63982,35.457491
-84.60408,33.64329
-84.597433,34.03384
-84.596637,39.156091
-84.582433,33.818717
-84.574498,38.239718
-84.570371,33.728107
-84.569545,41.318045
-84.568173,33.395759
-84.56744,36.70647
-84.555535,42.732535
-84.55553,42.73254
-84.549933,33.952602
-84.544294,37.10288
-84.54277,39.19553
-84.53822,39.166759
-84.517984,36.509395
-84.49983,49.25014
-84.49093,34.250547
-84.481787,34.127398
-84.47772,37.98869
-84.47405,33.844371
-84.472925,39.425137
-84.46564,34.46432
-84.458771,42.763888
-84.45689,39.162
-84.45189,39.03312
-84.429295,41.592607
-84.41326,33.57261
-84.41134,39.83672
-84.410561,35.571343
-84.407118,42.478186
-84.40536,39.336058
-84.390413,41.296657
-84.38798,33.749
-84.37967,40.43699
-84.374549,39.448492
-84.370475,34.055198
-84.35698,39.003401
-84.354106,39.228114
-84.351599,33.975175
-84.33874,33.879318
-84.33803,43.626132
-84.337523,33.518505
-84.33325,46.51677
-84.331339,34.831246
-84.311596,40.794444
-84.30205,34.112373
-84.299947,41.297826
-84.296913,37.764867
-84.29409,34.07538
-84.291723,33.772554
-84.28661,39.64284
-84.28073,30.43826
-84.27707,30.441938
-84.27464,39.641658
-84.268593,39.750471
-84.258472,30.427753
-84.243175,36.019381
-84.23327,39.55228
-84.22641,33.77153
-84.226398,40.062621
-84.215282,32.040432
-84.213531,33.941213
-84.208426,39.762587
-84.200919,33.732056
-84.197984,33.797412
-84.19161,39.75895
-84.184937,42.982578
-84.176751,31.560674
-84.176166,34.293049
-84.16407,31.56406
-84.157048,39.025905
-84.13075,35.24175
-84.106916,39.342034
-84.103226,33.929464
-84.100535,35.860496
-84.097649,30.56683
-84.096062,37.154931
-84.076895,35.688378
-84.076154,39.764189
-84.0471,40.772147
-84.026171,34.042479
-84.02363,33.96173
-84,10
-83.98882,39.29312
-83.984948,42.434757
-83.976572,34.133157
-83.970582,43.41009
-83.963786,39.675034
-83.96105,40.94811
-83.953007,43.608773
-83.949391,41.232641
-83.93709,35.99322
-83.924711,38.052103
-83.923411,42.575483
-83.92074,35.96064
-83.90813,39.684731
-83.897612,34.239428
-83.888269,30.853592
-83.886873,43.41242
-83.88687,39.80645
-83.879494,33.988309
-83.849042,42.266638
-83.837912,34.334398
-83.824424,39.444985
-83.81968,34.31689
-83.813228,39.927059
-83.804853,38.78476
-83.80304,44.23363
-83.802375,42.147636
-83.789698,31.183438
-83.787784,40.378783
-83.785365,31.917178
-83.780835,42.965926
-83.779273,37.151101
-83.753928,42.662126
-83.751242,35.682298
-83.751138,41.628501
-83.74763,42.570452
-83.74088,42.27756
-83.722649,32.43194
-83.711272,35.86053
-83.708535,39.786727
-83.70495,42.79781
-83.701264,33.788322
-83.694436,43.453264
-83.69184,35.58537
-83.678586,41.6496
-83.67376,42.9227
-83.670689,41.865026
-83.653003,32.580403
-83.650714,40.993263
-83.640462,40.321114
-83.62299,41.36169
-83.620494,42.202139
-83.617554,32.804382
-83.613714,41.376449
-83.61299,42.24115
-83.593543,31.462512
-83.589021,34.10601
-83.578336,31.652867
-83.577701,41.535057
-83.569359,41.720684
-83.56635,34.13388
-83.55521,41.66394
-83.52713,37.69731
-83.522221,42.468959
-83.51249,42.91884
-83.500878,42.583382
-83.50018,32.75042
-83.492928,33.591117
-83.483576,42.325573
-83.482653,34.217179
-83.472457,41.907196
-83.445835,42.29856
-83.428904,42.0413
-83.423276,36.000789
-83.423242,42.723851
-83.408935,42.502483
-83.406111,42.644824
-83.3858,42.66041
-83.384209,42.333901
-83.375358,34.886868
-83.37394,33.95206
-83.371753,42.369351
-83.36733,33.95117
-83.353697,33.992902
-83.332068,30.753904
-83.32553,35.169323
-83.314674,42.293338
-83.28212,37.13565
-83.279231,42.544534
-83.2673,42.2317
-83.264832,42.277334
-83.24325,40.494781
-83.239008,33.072279
-83.223263,42.523924
-83.221873,42.473369
-83.21104,42.25754
-83.203609,42.444075
-83.197254,42.749164
-83.194358,32.143564
-83.189648,42.095043
-83.184364,35.844011
-83.177625,42.310037
-83.171563,37.725369
-83.15825,40.0334
-83.157643,42.766093
-83.15186,39.80284
-83.150103,40.09746
-83.14993,42.605589
-83.145375,42.492485
-83.096817,39.862044
-83.09296,39.88145
-83.091235,40.183405
-83.083417,36.179069
-83.0746,33.61568
-83.073799,40.433949
-83.069296,40.616604
-83.06853,42.35615
-83.068475,42.564395
-83.060184,42.347021
-83.04985,42.21679
-83.04575,42.33143
-83.027221,42.480186
-83.019578,43.605395
-83.0188,39.99618
-83.017962,40.093119
-83.01654,42.30008
-83.013402,40.100924
-83.00078,43.80196
-83.00018,40.25034
-82.99879,39.96118
-82.99611,43.942679
-82.995121,42.474786
-82.991332,39.337384
-82.981095,40.289886
-82.945899,39.597084
-82.94468,36.44117
-82.941703,34.361177
-82.938121,32.459291
-82.92907,40.12617
-82.928159,40.116603
-82.92768,39.98506
-82.91672,42.551185
-82.90375,32.54044
-82.89983,42.31678
-82.896457,40.10447
-82.88881,42.49698
-82.869219,36.131582
-82.857131,31.509338
-82.84242,42.66281
-82.83875,34.67705
-82.83104,35.88904
-82.817048,27.92141
-82.815832,34.681567
-82.81544,37.50788
-82.81129,39.99562
-82.80599,37.51704
-82.800103,27.965853
-82.797267,34.744649
-82.787324,27.909467
-82.78375,34.65177
-82.78306,37.700956
-82.781523,27.978147
-82.780121,42.72175
-82.778157,27.814192
-82.7535,39.88423
-82.74121,27.72531
-82.731777,37.172955
-82.724763,27.891809
-82.724417,41.399129
-82.719267,28.244177
-82.710221,27.485915
-82.68778,30.105451
-82.67927,27.77086
-82.64803,28.382489
-82.647958,32.891937
-82.6255,28.458907
-82.61087,28.28513
-82.60982,28.05502
-82.605626,34.506502
-82.58253,27.76503
-82.582035,27.996097
-82.572217,28.570623
-82.567281,35.602711
-82.553068,35.260468
-82.547615,36.514384
-82.54266,38.8698
-82.539941,40.048971
-82.537169,27.335023
-82.530653,27.336435
-82.523909,27.402542
-82.511384,28.165519
-82.509404,40.791707
-82.508694,28.859286
-82.5001,28.75054
-82.481346,40.37066
-82.461094,27.9808
-82.45843,27.94752
-82.4576,27.10006
-82.453456,33.812714
-82.45263,27.69913
-82.4407,28.141
-82.437424,39.52535
-82.434791,28.476942
-82.43384,31.06403
-82.428488,39.538956
-82.42491,42.97086
-82.412866,38.371727
-82.406913,28.034343
-82.402871,34.848567
-82.40126,40.05812
-82.39401,34.85262
-82.390604,27.989714
-82.38304,23.13302
-82.380967,27.167521
-82.377784,40.119897
-82.36772,31.24762
-82.35347,36.31344
-82.33313,45.83337
-82.329107,41.011373
-82.327866,28.23973
-82.324515,29.648993
-82.32431,37.60566
-82.317625,36.330485
-82.311582,33.416223
-82.307337,33.456131
-82.30461,41.02894
-82.289322,34.696203
-82.269458,27.566457
-82.257851,34.898246
-82.227628,41.294649
-82.220149,39.498125
-82.18494,42.41224
-82.181156,39.460747
-82.176238,36.613815
-82.165221,27.904735
-82.164013,35.447916
-82.122892,36.330784
-82.115644,27.273659
-82.100065,26.458308
-82.098592,38.871527
-82.087458,29.240728
-82.087425,29.198907
-82.045366,26.929784
-82.02903,39.02174
-82.026738,36.740217
-82.013803,39.339279
-82.010697,34.934028
-82.009938,33.358865
-82.000799,33.432677
-81.986767,33.080724
-81.981155,30.76801
-81.974838,33.47097
-81.969184,33.456687
-81.966824,26.490862
-81.95016,26.606491
-81.949111,41.3056
-81.92347,41.4156
-81.922461,41.417347
-81.92122,30.435237
-81.909735,24.561353
-81.905624,28.863361
-81.902995,26.433124
-81.899669,28.035908
-81.895377,40.830699
-81.893065,39.353531
-81.88584,40.860735
-81.878139,26.621074
-81.875358,37.735653
-81.864066,40.300934
-81.861757,41.370548
-81.79819,41.48199
-81.79481,26.142036
-81.787006,41.4595
-81.784956,32.425
-81.779423,28.584025
-81.762456,27.987284
-81.75647,27.97836
-81.745102,41.314603
-81.732854,28.709717
-81.717,27.8333
-81.708741,39.207021
-81.708149,29.690907
-81.699784,36.222156
-81.69767,27.94888
-81.6955556,41.4994444
-81.69541,41.4995
-81.678843,28.855051
-81.674541,30.323573
-81.667486,41.489381
-81.65565,30.33218
-81.653642,28.811078
-81.64801,30.33544
-81.647687,34.700463
-81.644569,41.098944
-81.631589,28.167211
-81.630359,38.350719
-81.6248,26.62535
-81.621195,41.019655
-81.621093,41.235492
-81.614345,39.316984
-81.605846,28.541579
-81.58314,24.66709
-81.58257,28.41167
-81.556235,41.520052
-81.55477,39.286315
-81.536842,41.389054
-81.52777,37.20752
-81.526333,36.835515
-81.525677,41.434776
-81.524017,41.04349
-81.51675,37.06803
-81.51537,30.36468
-81.50952,28.68055
-81.505121,28.831447
-81.497182,40.814381
-81.493973,31.180919
-81.475796,31.628793
-81.473585,41.143906
-81.461987,40.932506
-81.453569,30.68937
-81.444531,41.658653
-81.440435,41.313304
-81.440322,41.386753
-81.433176,39.419241
-81.420603,29.937673
-81.417897,39.847294
-81.41667,19.36667
-81.412148,34.323019
-81.407571,28.291956
-81.4065,41.63977
-81.402336,40.875891
-81.39595,38.19038
-81.39314,30.29469
-81.384181,32.331563
-81.37924,28.53834
-81.373291,28.545179
-81.373012,27.457947
-81.371185,40.782408
-81.36706,19.28692
-81.36459,28.625476
-81.35874,28.602327
-81.358139,41.158743
-81.351051,39.413446
-81.350772,28.7577
-81.3412,35.73319
-81.332781,41.132323
-81.331733,28.828325
-81.33122,40.96367
-81.328779,41.679291
-81.321619,28.956782
-81.31452,29.89469
-81.310355,28.879389
-81.299169,28.793491
-81.29285,29.91886
-81.282815,29.466085
-81.25,19.28333
-81.245074,28.900274
-81.23621,33.98154
-81.23304,42.98339
-81.220829,28.988027
-81.19316,38.25094
-81.189693,35.284018
-81.18816,37.77817
-81.18038,42.77361
-81.16037,36.45735
-81.157142,41.572432
-81.147376,29.463685
-81.098394,35.35633
-81.097406,33.997527
-81.090897,26.630066
-81.088261,32.074679
-81.08326,38.7027
-81.07508,35.23875
-81.074835,32.244037
-81.07398,33.96571
-81.067292,35.374288
-81.064859,40.571861
-81.047652,29.194
-81.03481,34.00071
-81.034061,39.145318
-81.033705,28.951931
-81.031205,40.835059
-81.0298,35.53125
-81.02508,34.92487
-81.024864,33.987454
-81.015626,34.771788
-81.00009,34.00043
-80.990828,35.050243
-80.99001,46.49
-80.97398,34.21432
-80.94972,43.36679
-80.92426,33.97432
-80.92291,28.974136
-80.902344,41.176641
-80.898668,35.462187
-80.895344,28.699314
-80.890285,35.868681
-80.87063,35.16542
-80.869457,35.401071
-80.86573,34.991071
-80.864673,35.974905
-80.864634,37.645544
-80.845232,35.202366
-80.84313,35.22709
-80.839773,35.153698
-80.83912,35.50233
-80.804151,35.26002
-80.802854,41.017082
-80.778871,35.58458
-80.75951,35.12848
-80.75261,32.21632
-80.74519,37.973212
-80.710364,32.240048
-80.708141,33.570316
-80.70147,41.15395
-80.672531,35.462981
-80.66667,19.5
-80.662786,40.406817
-80.656825,28.276389
-80.6559,35.32375
-80.647599,40.102703
-80.64729,35.179589
-80.632499,25.274354
-80.623618,28.079357
-80.612489,34.313477
-80.600412,28.031367
-80.58265,37.34498
-80.5664,44.0001
-80.565343,32.424353
-80.565083,40.068137
-80.562141,35.371633
-80.558846,41.941991
-80.556541,37.119732
-80.535601,35.250608
-80.533,44.3834
-80.51639,43.4668
-80.5112,43.42537
-80.510882,25.485147
-80.491034,33.956862
-80.45589,26.15186
-80.45316,35.680441
-80.448254,26.145724
-80.432679,35.691689
-80.430269,26.645895
-80.41394,37.22957
-80.40294,27.638005
-80.38333,43.2
-80.382,36.02153
-80.37534,40.60084
-80.37067,26.114337
-80.341883,39.287434
-80.3377,25.5783
-80.317274,25.67927
-80.31269,43.3601
-80.306783,41.616247
-80.300736,40.964516
-80.29967,42.8334
-80.29761,25.87931
-80.295772,39.21751
-80.295576,41.303464
-80.293385,25.707602
-80.292174,36.320179
-80.290037,40.983989
-80.277878,36.09066
-80.275056,26.067529
-80.271716,26.057311
-80.270604,26.271192
-80.270379,25.753332
-80.26636,43.1334
-80.25338,35.82403
-80.24967,43.5501
-80.245605,25.942038
-80.244711,26.027261
-80.244506,35.112373
-80.24422,36.09986
-80.237943,27.236473
-80.237506,39.51196
-80.235044,35.358715
-80.234427,25.753132
-80.232271,25.987314
-80.22869,43.53106
-80.226211,26.151416
-80.221282,39.494115
-80.217173,36.100094
-80.21638,44.4834
-80.207174,25.85219
-80.200493,36.111102
-80.19966,42.7834
-80.19366,25.77427
-80.186714,25.890095
-80.1845,40.53646
-80.178002,25.853765
-80.174769,25.987869
-80.16282,25.69371
-80.157715,41.90425
-80.15347,26.122037
-80.15,43.71667
-80.14356,26.495438
-80.14338,26.12231
-80.14239,26.0294
-80.135801,25.933997
-80.133442,35.97502
-80.131851,26.936558
-80.13005,25.79065
-80.130046,25.790654
-80.127909,26.121323
-80.124764,35.854539
-80.124153,26.621188
-80.10717,26.375954
-80.104097,26.122506
-80.101271,36.118312
-80.09967,43.9168
-80.09421,26.93422
-80.088919,42.121293
-80.0831,26.35869
-80.081614,26.457598
-80.070249,26.715844
-80.06284,40.76923
-80.053374,26.879782
-80.043821,41.052427
-80.035116,26.782194
-80.03296,45.3501
-80.022566,33.884239
-80.01637,44.5168
-80.01448,36.11264
-80.01173,40.6959
-80.00532,35.95569
-80.00032,35.50069
-79.99589,40.44062
-79.991295,32.853019
-79.988754,34.970101
-79.983141,39.609911
-79.98301,49.11688
-79.976715,39.884554
-79.951903,39.641788
-79.950968,40.47441
-79.941427,37.27097
-79.940844,32.780326
-79.934048,40.885861
-79.93146,43.6403
-79.93092,32.77657
-79.912823,36.466883
-79.905171,40.392619
-79.86644,40.12507
-79.86626,36.681298
-79.86427,40.435791
-79.86259,32.79407
-79.84963,43.25011
-79.842226,42.147135
-79.841991,42.176845
-79.83713,43.38621
-79.83295,44.43341
-79.830897,35.704895
-79.82558,40.47582
-79.823102,40.312014
-79.809213,40.33757
-79.79198,36.07264
-79.786966,35.727975
-79.76633,43.68341
-79.765156,36.069144
-79.75977,40.60146
-79.74962,43.23341
-79.74426,44.08857
-79.696721,36.522748
-79.68292,43.45011
-79.678724,39.096016
-79.66634,44.40011
-79.6583,43.5789
-79.63701,39.21399
-79.58504,40.177571
-79.58291,43.13341
-79.56477,40.60284
-79.535741,40.315028
-79.50449,42.25395
-79.5,22
-79.495329,40.219809
-79.49161,36.029833
-79.46633,46.3168
-79.46632,44.00011
-79.46631,44.05011
-79.46617,43.66328
-79.44282,37.78402
-79.43725,43.87111
-79.4163,43.70011
-79.404128,34.903601
-79.38752,37.516659
-79.376228,36.603501
-79.367525,33.439327
-79.367204,39.853118
-79.363948,34.164144
-79.347527,35.972114
-79.32196,35.94736
-79.319254,42.412217
-79.318718,37.372437
-79.306093,36.087114
-79.28558,37.11181
-79.2663,43.86682
-79.25671,42.08016
-79.24958,43.16681
-79.2478,37.076253
-79.23288,42.90012
-79.19958,43.11682
-79.141653,37.359607
-79.11627,43.21682
-79.080422,40.621272
-79.06754,43.09006
-79.066983,42.624226
-79.06627,43.10012
-79.065116,38.157368
-79.040407,43.095821
-79.03288,43.85012
-79.027082,35.908705
-79.023205,35.850295
-79.01862,36.05403
-79.017082,35.171548
-79.009395,35.952739
-78.99957,44.20012
-78.989369,38.210585
-78.987942,35.140193
-78.9767,38.38207
-78.9403,39.60898
-78.94001,36.00153
-78.91627,43.91682
-78.903445,38.065794
-78.88669,33.68906
-78.886424,42.89606
-78.87837,42.88645
-78.87836,35.05266
-78.877137,38.422777
-78.86028,35.89709
-78.85029,35.73265
-78.84957,43.90012
-78.843526,35.852458
-78.83288,44.58342
-78.831147,42.620047
-78.813444,35.676537
-78.7878,38.667895
-78.784745,33.77156
-78.77966,42.75824
-78.7767,42.68562
-78.75083,42.83749
-78.750031,42.908947
-78.737809,42.963947
-78.730307,40.86173
-78.71628,44.91682
-78.69957,46.31681
-78.690593,39.580691
-78.68286,43.91682
-78.66636,37.51087
-78.647254,43.250335
-78.63861,35.7721
-78.584936,38.194421
-78.577136,42.768209
-78.556765,38.087663
-78.551748,35.982414
-78.542142,38.237319
-78.539716,41.900734
-78.481288,38.645981
-78.48056,35.78765
-78.47668,38.02931
-78.460586,41.045696
-78.445183,41.027274
-78.44474,41.81117
-78.440378,40.423682
-78.435416,35.633257
-78.4339,40.42341
-78.425973,42.082142
-78.395966,35.811324
-78.39553,40.746902
-78.374963,39.085146
-78.361944,34.994974
-78.355582,35.87922
-78.349874,40.489433
-78.31623,44.30012
-78.231764,42.980544
-78.210376,43.280191
-78.206289,42.422827
-78.18773,39.552557
-78.174537,38.928308
-78.16856,39.169668
-78.15584,42.42729
-78.1398,40.072891
-78.135482,43.349596
-78.133421,42.737217
-78.130308,43.342078
-78.092871,35.368277
-78.03528,39.82148
-78.003616,40.705896
-77.995133,40.696298
-77.995,37.725416
-77.9928,38.511694
-77.977432,38.741639
-77.97614,37.33603
-77.975879,40.515371
-77.972754,39.456903
-77.94471,34.225726
-77.94471,34.22573
-77.928759,37.541609
-77.925269,35.723264
-77.887962,40.73484
-77.862339,40.799672
-77.85972,39.28899
-77.841359,40.77893
-77.832333,43.28521
-77.80416,39.4301
-77.79637,34.2085
-77.777226,42.672452
-77.75888,39.62065
-77.751735,43.171613
-77.7347,34.34656
-77.700213,39.58887
-77.692962,37.865065
-77.684264,43.286024
-77.6611,39.93759
-77.659763,43.151633
-77.658725,34.391419
-77.657664,43.234623
-77.650655,40.932479
-77.645224,39.085309
-77.624701,39.317945
-77.61556,43.15478
-77.61222,43.05923
-77.605404,39.041987
-77.605362,37.392683
-77.593527,43.225497
-77.581631,35.928437
-77.577866,42.996517
-77.57755,44.09917
-77.56618,44.18342
-77.564758,37.51457
-77.537784,37.570304
-77.520692,43.060229
-77.51666,35.242923
-77.516606,43.094994
-77.50388,38.920945
-77.5,18.25
-77.487162,38.744685
-77.483689,38.295135
-77.468518,42.562012
-77.454311,37.320744
-77.454075,43.21821
-77.447923,35.811616
-77.44675,37.54812
-77.444186,37.378118
-77.438188,37.611292
-77.4354,38.438958
-77.43024,34.75405
-77.428964,43.104287
-77.4286,39.00622
-77.416103,37.531296
-77.41054,39.41427
-77.403848,38.313488
-77.396989,37.26219
-77.392609,35.580444
-77.37122,25.04082
-77.367457,38.983887
-77.34947,43.95012
-77.3418,38.96146
-77.335396,37.235551
-77.33294,39.443551
-77.327423,35.47461
-77.315342,37.441123
-77.308614,43.221476
-77.302789,42.357464
-77.294978,37.283482
-77.288755,38.831813
-77.28683,37.269655
-77.28298,45.89789
-77.27943,39.23872
-77.27622,38.83469
-77.271789,37.501495
-77.271644,38.625541
-77.26442,41.20202
-77.263465,37.234733
-77.2544,35.246
-77.253749,38.897361
-77.234792,39.029839
-77.233194,42.968903
-77.231093,38.918722
-77.226591,39.840922
-77.214787,39.150376
-77.212471,39.117827
-77.211649,38.814835
-77.207617,39.143979
-77.20424,39.13638
-77.189796,38.740054
-77.18672,38.935202
-77.186063,38.763463
-77.182953,39.139336
-77.171752,38.884177
-77.168312,39.102302
-77.167142,38.46148
-77.15276,39.084
-77.13998,39.09539
-77.117558,40.779808
-77.100256,38.980666
-77.07636,41.81424
-77.07332,39.51566
-77.066745,39.15522
-77.065709,41.682164
-77.052749,40.940082
-77.05055,39.204341
-77.048462,42.120541
-77.04692,38.80484
-77.04411,35.10849
-77.03637,38.89511
-77.036366,38.895112
-77.026578,40.247992
-77.0262,38.8964
-77.010948,39.036289
-77.005798,38.98236
-77.00025,38.91706
-76.99997,42.8334
-76.991021,38.992516
-76.990278,38.59744
-76.98998,38.88067
-76.98979,39.04162
-76.9897,38.80345
-76.980701,39.564201
-76.977181,35.125849
-76.969601,39.45672
-76.953276,39.099402
-76.95078,34.67794
-76.947547,37.916613
-76.946721,38.863769
-76.941902,39.236405
-76.936954,36.039911
-76.935861,39.105644
-76.927135,42.37285
-76.912096,38.739765
-76.911872,38.894816
-76.906918,38.888446
-76.90567,40.27245
-76.904972,38.885867
-76.900233,42.741529
-76.899976,34.903793
-76.894376,40.258655
-76.887905,39.206132
-76.881948,38.918291
-76.878456,42.160717
-76.877743,38.833563
-76.875485,41.16986
-76.86722,17.97024
-76.857872,37.928132
-76.857256,41.345045
-76.844921,42.749713
-76.82434,38.111955
-76.80773,42.0898
-76.79358,17.99702
-76.7902,39.0724
-76.766978,38.78028
-76.74997,39.00039
-76.746769,37.310451
-76.74379,38.982612
-76.74021,34.69905
-76.727139,39.962998
-76.719484,39.324167
-76.71857,42.082585
-76.710785,43.214789
-76.7083,40.26537
-76.68438,39.00891
-76.65886,39.25594
-76.651296,39.713941
-76.647082,40.991968
-76.636357,40.269748
-76.623489,39.296536
-76.61632,39.44307
-76.610744,34.753777
-76.60557,38.7117
-76.60379,39.407156
-76.58949,38.54571
-76.579836,39.170158
-76.565683,42.894381
-76.562926,39.208888
-76.5528,38.98775
-76.54412,38.41818
-76.524359,37.230251
-76.5225,3.43722
-76.5169,38.32429
-76.5105,43.45535
-76.49661,42.44063
-76.49647,39.2666
-76.492743,40.074263
-76.49246,39.20261
-76.483999,42.402794
-76.48098,44.22976
-76.477085,40.006017
-76.47496,39.30927
-76.463471,37.058296
-76.41716,43.32285
-76.3994,44.68342
-76.39605,43.11396
-76.392733,39.587155
-76.38992,37.072658
-76.383547,40.152173
-76.376682,36.998417
-76.372996,41.296748
-76.369036,37.000188
-76.354801,40.317309
-76.34939,45.43341
-76.31068,40.076553
-76.291224,42.477712
-76.224063,36.306491
-76.218759,36.749991
-76.208521,36.895911
-76.197701,43.02143
-76.19464,43.0058
-76.17105,40.63065
-76.15532,43.560497
-76.15517,39.560095
-76.14938,45.13341
-76.14742,43.04812
-76.147306,43.276447
-76.13465,43.03784
-76.12036,36.844004
-76.11937,43.17562
-76.0805,40.33009
-76.073814,40.14607
-76.045987,40.954433
-76.03267,45.3501
-76.027987,40.73259
-76,-10
-75.995832,40.026384
-75.97798,36.85293
-75.965685,39.579993
-75.947432,40.333704
-75.94133,39.60011
-75.940153,40.357242
-75.91797,42.09869
-75.91606,45.2501
-75.906501,43.968892
-75.88994,40.1551
-75.885029,41.243648
-75.88131,41.12231
-75.87574,39.56186
-75.866173,43.054316
-75.84444,20.08583
-75.81908,41.32064
-75.80644,45.4002
-75.79297,41.32758
-75.759361,40.652611
-75.75299,39.67956
-75.748055,39.983153
-75.738725,41.29823
-75.722614,40.031265
-75.70164,45.47723
-75.701277,39.614737
-75.700728,40.835797
-75.69812,45.41117
-75.69636,45.38649
-75.681992,41.463694
-75.680453,35.904337
-75.677535,39.485721
-75.677024,35.90254
-75.664729,39.735912
-75.651466,39.592895
-75.651037,38.280676
-75.64104,45.0168
-75.639994,40.103858
-75.637626,41.401881
-75.633621,38.382445
-75.6313,40.53676
-75.616021,40.480652
-75.610503,39.980107
-75.60623,1.61438
-75.60437,38.74261
-75.589884,39.683484
-75.581314,39.672891
-75.5613,40.5476
-75.547844,39.727113
-75.52351,42.53118
-75.51491,40.13038
-75.51381,40.03622
-75.508651,39.662652
-75.49992,39.00039
-75.4999,43.00035
-75.49685,40.68621
-75.49549,39.156376
-75.49018,40.60843
-75.488428,40.678566
-75.469236,40.602658
-75.466922,43.22645
-75.453735,40.092269
-75.432958,39.864907
-75.41796,41.17703
-75.40172,39.955409
-75.38879,40.68121
-75.387693,39.916778
-75.38619,41.159683
-75.3838,40.273955
-75.383365,43.20886
-75.382861,40.095288
-75.378098,39.848163
-75.369458,40.027909
-75.360922,42.926167
-75.35991,40.04622
-75.357678,40.043201
-75.351958,40.58883
-75.331629,40.13018
-75.312081,39.974861
-75.30962,40.74038
-75.30793,39.998811
-75.29818,39.888412
-75.29156,40.224245
-75.29156,43.12201
-75.279941,40.15755
-75.27962,40.10965
-75.27823,40.21094
-75.27074,40.00289
-75.270393,39.960411
-75.265643,41.564258
-75.259975,40.020911
-75.2533,40.09245
-75.237877,40.220106
-75.235017,39.715857
-75.234644,40.008499
-75.233253,40.390196
-75.233208,43.077369
-75.215621,40.180876
-75.207437,40.130959
-75.19962,41.30009
-75.19629,39.84234
-75.18129,40.99954
-75.16379,39.95234
-75.163789,39.952335
-75.1617,39.3762
-75.15684,40.01317
-75.15546,39.99706
-75.150577,40.191808
-75.13935,38.77456
-75.13545,39.96511
-75.12989,40.31011
-75.11787,40.001811
-75.106265,40.182406
-75.08962,40.08122
-75.083794,39.940163
-75.078625,39.653531
-75.07601,38.71678
-75.074625,38.69289
-75.053765,39.863813
-75.051281,39.77317
-75.049065,39.54456
-75.03878,39.92789
-75.033414,39.876313
-75.030726,39.934835
-75.028768,42.86785
-75.008665,39.495524
-74.998605,40.357492
-74.992163,39.951212
-74.979768,40.141501
-74.953498,39.848539
-74.95128,40.10455
-74.949409,40.563654
-74.94267,39.96706
-74.938259,39.80237
-74.92957,39.90153
-74.91731,39.955912
-74.90989,40.63677
-74.872592,40.345165
-74.868531,39.654885
-74.863283,40.50786
-74.858806,40.106632
-74.853608,40.115859
-74.845997,40.245664
-74.82906,40.85399
-74.8235,39.90095
-74.818496,40.263997
-74.79988,40.26983
-74.783956,40.389675
-74.75756,40.880028
-74.748494,39.985946
-74.71706,39.91367
-74.712018,40.280531
-74.693953,40.343625
-74.68933,41.65565
-74.671547,40.169832
-74.661341,41.005086
-74.65905,40.34872
-74.642649,40.573802
-74.62682,40.4776
-74.619323,40.214554
-74.607518,40.598702
-74.586052,40.837399
-74.573001,40.682651
-74.546651,40.917598
-74.516597,40.323116
-74.51432,40.90121
-74.49987,40.16706
-74.478741,41.446544
-74.457746,40.552925
-74.451082,39.377297
-74.444395,40.486754
-74.42432,40.49594
-74.423019,40.7582
-74.422196,40.675451
-74.422042,40.616667
-74.421695,40.427697
-74.413545,40.572065
-74.407706,40.852118
-74.405595,40.697851
-74.397996,40.7735
-74.393444,40.519753
-74.37321,39.96485
-74.37028,39.747218
-74.361594,40.71275
-74.35959,40.74149
-74.35769,40.09808
-74.354315,40.408163
-74.346764,40.652851
-74.325993,40.787006
-74.3236,40.398
-74.320847,40.099871
-74.31525,40.53139
-74.31433,42.08315
-74.314319,40.407319
-74.306284,40.236423
-74.30404,40.72482
-74.29663,41.60935
-74.2957,40.96815
-74.291191,40.677601
-74.284591,40.187335
-74.28459,40.5576
-74.269841,40.692651
-74.257677,39.702978
-74.25003,39.866
-74.243895,40.832849
-74.241168,40.948689
-74.2354,40.67956
-74.233788,40.407507
-74.230522,39.876031
-74.227375,41.313345
-74.22719,40.789944
-74.22509,40.736101
-74.216389,40.811908
-74.21176,40.09425
-74.2107,40.66399
-74.207039,40.77185
-74.20487,40.76732
-74.204209,40.149318
-74.200784,41.157473
-74.1983333,39.9536111
-74.19765,40.86066
-74.19487,40.88982
-74.18681,41.33065
-74.183438,40.672052
-74.174311,40.937043
-74.17387,41.677151
-74.17292,41.00954
-74.170037,40.376408
-74.167924,41.342038
-74.165138,39.662064
-74.160429,39.979031
-74.159449,40.821299
-74.14959,40.58344
-74.13986,40.56233
-74.12959,40.19011
-74.122937,40.75175
-74.11792,41.01065
-74.10992,40.05995
-74.109486,40.670858
-74.109241,41.74638
-74.093323,40.623632
-74.081516,40.713133
-74.081251,40.207057
-74.078538,40.985551
-74.07764,40.72816
-74.075485,40.73276
-74.069963,40.121514
-74.068964,40.944997
-74.06819,40.08317
-74.06678,41.96973
-74.05375,40.211
-74.048582,40.250725
-74.045358,41.18416
-74.043981,43.082925
-74.04347,40.88593
-74.033934,40.746851
-74.0329,40.7445
-74.032326,40.767374
-74.029434,42.301789
-74.018283,41.061476
-74.018282,40.283511
-74.016542,40.704733
-74.01597,40.8976
-74.012766,40.691266
-74.01208,40.80427
-74.010241,40.702898
-74.00931,40.71538
-74.00917,40.73361
-74.009115,40.716919
-74.005973,40.714269
-74.00347,40.64816
-73.99961,40.72241
-73.99916,40.67949
-73.996301,40.724661
-73.99625,40.71649
-73.99541,40.74472
-73.992602,40.742185
-73.991249,41.010653
-73.99037,40.67328
-73.989319,40.694481
-73.98827,41.149494
-73.98736,40.72927
-73.98683,40.7161
-73.986427,40.718758
-73.98597,40.6701
-73.98486,40.991696
-73.97575,40.65391
-73.97542,40.78705
-73.97292,41.09648
-73.970812,42.614852
-73.96769,40.67751
-73.96708,40.69371
-73.963349,40.796089
-73.95903,40.65205
-73.95347,40.71427
-73.952015,40.798832
-73.9498,40.7272
-73.94958,40.6501
-73.94875,40.74482
-73.94542,40.80788
-73.94125,40.68344
-73.93957,42.81424
-73.93541,40.8501
-73.934502,40.744622
-73.93014,40.77205
-73.92847,41.50954
-73.92516,40.770808
-73.92097,41.70037
-73.92014,40.66094
-73.91875,40.69427
-73.90569,40.7001
-73.905445,40.748372
-73.89875,40.93121
-73.87833,40.85139
-73.866926,40.946107
-73.86641,40.84985
-73.86152,41.16287
-73.84382,40.658825
-73.84375,40.67677
-73.843611,40.839348
-73.84313,40.841345
-73.840554,40.847435
-73.83875,40.65749
-73.83708,40.9126
-73.83652,40.68149
-73.833455,42.717856
-73.830289,42.623159
-73.82375,41.14565
-73.807078,40.895377
-73.80569,40.69149
-73.80442,43.724987
-73.8029,42.35092
-73.792524,42.850576
-73.784858,40.91757
-73.78461,43.09694
-73.78457,43.08313
-73.779714,42.752928
-73.77708,40.76844
-73.77513,41.07482
-73.769626,41.031397
-73.76848,41.09269
-73.76597,40.75399
-73.754842,42.704801
-73.742997,42.184313
-73.7429,42.64258
-73.72709,40.588854
-73.71457,41.04093
-73.70012,42.77424
-73.693128,40.839896
-73.692595,42.74787
-73.69236,44.44894
-73.682824,40.729351
-73.679799,41.022193
-73.674074,40.700101
-73.64485,40.84899
-73.64401,43.30952
-73.64068,40.74927
-73.64013,40.63871
-73.639723,40.726801
-73.62617,41.042746
-73.618907,40.722738
-73.61707,41.39732
-73.608972,40.654626
-73.602746,40.71724
-73.58781,45.50884
-73.58595,43.30063
-73.585207,43.298908
-73.543359,42.579336
-73.536216,41.054082
-73.52707,40.66871
-73.51013,40.68371
-73.494637,41.308201
-73.49233,40.6677
-73.47319,40.78325
-73.471416,41.376242
-73.442423,41.126146
-73.439165,41.209695
-73.432789,40.732747
-73.411866,40.686249
-73.392229,43.068526
-73.363661,41.308873
-73.344112,40.713718
-73.33268,40.914289
-73.314561,40.856997
-73.28483,42.35648
-73.282408,41.175173
-73.26586,45.31678
-73.250336,40.780882
-73.24807,42.479475
-73.24623,40.78121
-73.243004,40.705138
-73.235948,41.198279
-73.220989,40.80178
-73.213084,40.818075
-73.209998,44.476622
-73.206957,41.259996
-73.191789,40.810246
-73.18872,41.74732
-73.182158,44.498032
-73.173468,44.444867
-73.146763,40.846678
-73.13317,41.18454
-73.130503,41.207146
-73.130469,40.808322
-73.12763,44.72824
-73.127374,40.905957
-73.126763,41.87484
-73.11121,40.83075
-73.11068,44.32922
-73.07594,41.39676
-73.066689,40.78791
-73.06622,40.81677
-73.06504,40.92595
-73.05066,41.48593
-73.022449,41.66353
-73.02005,40.93766
-73.01511,40.76565
-72.996191,41.428088
-72.980578,41.598347
-72.953283,44.387289
-72.939577,41.681198
-72.93927,40.75704
-72.938747,41.372723
-72.927507,41.365709
-72.91213,40.7793
-72.89986,41.34882
-72.849854,41.865597
-72.83065,41.80982
-72.819742,41.868647
-72.81429,44.54366
-72.801901,41.536498
-72.778391,41.666049
-72.771602,42.153503
-72.763564,41.78516
-72.74983,44.00034
-72.74204,41.762045
-72.733602,41.732684
-72.73284,41.80642
-72.7093,44.93532
-72.690089,41.338847
-72.68232,41.76427
-72.677099,41.78007
-72.66898,42.26676
-72.66648,41.66704
-72.65731,40.79061
-72.655357,41.550139
-72.64817,41.60158
-72.645334,42.125793
-72.64207,42.198291
-72.63926,41.66482
-72.630588,42.321488
-72.621365,41.779799
-72.61481,42.06954
-72.607888,44.257004
-72.604842,42.170731
-72.602804,42.154904
-72.564632,41.834198
-72.555936,43.973954
-72.50247,44.175744
-72.464571,42.367092
-72.444369,41.344076
-72.402056,42.280267
-72.34676,43.37674
-72.330175,43.65276
-72.301499,41.832076
-72.294803,42.965044
-72.290572,44.800772
-72.27741,43.70701
-72.25369,41.80926
-72.21731,41.71527
-72.149606,41.464427
-72.137843,41.693914
-72.1098,41.43454
-72.07591,41.52426
-72.01174,41.60399
-72,4
-71.95927,42.87899
-71.913339,41.744527
-71.879415,42.265275
-71.81959,43.180148
-71.781215,42.362783
-71.77786,43.41202
-71.76063,42.43759
-71.73035,41.48899
-71.694017,43.710919
-71.64951,42.15148
-71.64282,42.322118
-71.636786,41.694251
-71.5786,41.87136
-71.54951,41.92204
-71.54546,42.34909
-71.536101,43.230314
-71.534202,41.443653
-71.528085,42.147087
-71.52178,41.67964
-71.4998,43.66702
-71.49978,41.75038
-71.481025,43.576423
-71.462111,42.988483
-71.459405,42.446396
-71.458793,42.741295
-71.443616,43.065097
-71.440409,42.320169
-71.435251,41.7917
-71.41617,41.7001
-71.414451,41.82275
-71.41283,41.82399
-71.387776,42.8712
-71.38284,42.63898
-71.36728,42.59981
-71.363348,41.813429
-71.36145,42.3626
-71.36126,42.165249
-71.327084,41.487552
-71.318715,42.740651
-71.303309,42.656045
-71.302297,41.938976
-71.27786,42.88973
-71.2756,41.48399
-71.251725,42.54933
-71.2398,42.388938
-71.230522,41.642297
-71.21454,46.81228
-71.201539,42.504844
-71.20089,42.78842
-71.199238,42.220548
-71.19089,42.7262
-71.188149,42.353696
-71.18422,41.96677
-71.18283,42.37093
-71.181141,42.244733
-71.177998,42.372596
-71.161052,42.70734
-71.148779,42.454545
-71.132947,42.380442
-71.120746,41.726343
-71.11644,42.37843
-71.10832,42.36565
-71.107172,42.537065
-71.10477,42.33399
-71.098896,42.38092
-71.098146,42.474595
-71.088745,42.308198
-71.087689,42.672835
-71.085396,42.436545
-71.0745,42.29732
-71.072501,42.792639
-71.05977,42.35843
-71.058216,42.358951
-71.057723,42.328368
-71.03283,42.39176
-71.026964,42.370567
-71.0188889,42.0833333
-71.013202,43.005895
-71.010185,42.545497
-71.005192,42.202216
-71,-30
-70.997794,42.472112
-70.991203,43.262994
-70.976558,41.973741
-70.973646,42.536996
-70.97285,44.39423
-70.951045,41.633416
-70.946743,42.461246
-70.9392,43.07535
-70.92294,43.14133
-70.912202,42.301691
-70.89243,42.46801
-70.88977,42.24177
-70.873647,42.642845
-70.873196,42.80965
-70.87116,42.89481
-70.86792,42.63887
-70.8645,43.26592
-70.853843,42.565145
-70.836728,42.939601
-70.815826,42.233938
-70.770188,42.207254
-70.743597,43.101314
-70.66667,19
-70.66614,41.41678
-70.62032,42.65565
-70.44283,43.50092
-70.352614,43.707947
-70.262393,43.658784
-70.23814,41.77345
-70.09946,41.28346
-70.09946,41.2404
-70,20
-69.96667,12.5
-69.95974,41.75983
-69.9405,43.91172
-69.734982,44.23865
-69.65338,43.78564
-69.546917,44.974427
-69.24977,45.50032
-69.183929,44.513048
-68.850405,44.848517
-68.668317,44.901059
-68.64531,44.93423
-68.31946,44.23341
-68.20038,44.386139
-67.883074,44.538526
-67.881058,44.599191
-67.879611,44.455784
-67.859167,44.507856
-66.49989,18.24829
-66.11557,43.83345
-66,8
-65.99878,46.5001
-65.31552,43.76686
-65,-17
-64.75,32.33333
-64.72833,32.34222
-61.8,17.05
-61,14.66667
-54.86155,47.55162
-38.71667,-8.58333
-22.43931,63.83849
-21.89541,64.13548
-18,65
-12.65625,24.49215
-8.61742,41.13363
-8,53
-7.51973,7.11525
-7.11194,52.25833
-5.66667,32.93333
-5,32
-4.75,50.416667
-4.6316793,53.3076493
-4.5,55.5
-4.1666609,51.8333368
-4.08333,53.08333
-4,56
-4,40
-3.92658,40.29786
-3.75,50.75
-3.71029,40.40225
-3.5,38
-3.38333,51.68333
-3,51.083333
-2.9974967,51.5882332
-2.583333,53.166667
-2.5,53.833333
-2.333333,50.75
-2.23743,53.48095
-2.16667,52.16667
-2.11667,49.21667
-2.000559,55.25
-2,52.83333
-1.916667,51.25
-1.58333,52.33333
-1.5758691,54.7763893
-1.5,54
-1.5,51.33333
-1.4659,53.38297
-1.4041996,50.9035305
-1.333333,50.666667
-1.25,51.83333
-1.20558,52.86799
-1.189,54.525
-1.166667,51.083333
-1.1132748,50.6993492
-1.0814175,53.9593817
-1.04799,49.20666
-0.83333,39.33333
-0.45,51.5
-0.25,53.16667
-0.1969,5.55602
-0.18919,51.4108
-0.10574,51.37664
0.3665169,51.7816441
0.69179,51.54424
0.7105077,51.2474823
1,52.666667
1,52.166667
1.185613,52.0562542
1.66667,10.75
2.25,6.66667
2.5,6.66667
3.06667,36.7
3.66667,50.33333
3.9523,50.4541
4,50.83333
4.63683,52.38084
5.4597,53.1952
5.75,52.5
5.80972,51.03167
8.01427,47.00016
9,34
9.13333,45.11667
9.45356,0.39241
10,56
10,62
10.5,51.5
12.37129,51.33962
12.45,55.95
13.5,78.83333
14.2246,60.5089
14.43333,35.91667
15,62
16.7185,60.8912
20,52
20,47
21.34834,-34.26112
22,39
23.27434,60.37893
24.93545,60.16952
25,46
25,57
26,64
27.5,-21
29.95527,31.21564
30.55573,-0.61179
31.03261,0.93015
33,35
33.5064,39.8453
34.7333,38.8833
34.75,31.5
34.75224,32.05043
35.20329,31.92157
35.83333,33.83333
36.80058,-1.30498
38,35
41.13221,37.88738
41.6833,40.6667
43.5,42
46.72185,24.68773
47,-20
47.5,40.5
47.82615,-22.82223
68.35996,51.80652
75,19.5
76,13.5
76.4667,23.5667
87.14802,27.23998
92.7333,11.6667
93,58
103.85007,1.28967
107,27
115.8439,-31.9428
120.44937,15.74638
123.28917,13.66333
135,-25
139.86705,36.06997
144.732,13.481
145.740804,15.190135
148.68333,-21.65
178,-38.65
178,-18